Workbook

Sheet RESUMEN
B3: MACROPROYECTO | C3: COD | D3: UND | E3: VALOR UNITARIO | F3: VALOR TOTAL | G3: CANT | H3: 1
B4: NODO | H4: 9958
B5: MATERIALES | C5: - | D5: - | E5: - | F5: - | G5: - | H5: -
B6: SERV SUM/INST ABRAZ SIN SDA 10 PULG | C6: 518 | D6: UN | F6: =+G6*E6 -> 0 | G6: =SUM(H6:H6) -> 0 | H6: =+'9958'!D11 -> 0
B7: SERV SUM/INST ABRAZ SIN SDA 4 PULG | C7: 519 | D7: UN | F7: =+G7*E7 -> 0 | G7: =SUM(H7:H7) -> 0 | H7: =+'9958'!D12 -> 0
B8: SERV SUM/INST ABRAZ SIN SDA 5 PULG | C8: 520 | D8: UN | F8: =+G8*E8 -> 0 | G8: =SUM(H8:H8) -> 0 | H8: =+'9958'!D13 -> 0
B9: SERV SUM/INST ABRAZ SIN SDA 6 PULG | C9: 521 | D9: UN | F9: =+G9*E9 -> 0 | G9: =SUM(H9:H9) -> 0 | H9: =+'9958'!D14 -> 0
B10: SERV SUM/INST ABRAZ SIN SDA 7 PULG | C10: 522 | D10: UN | F10: =+G10*E10 -> 0 | G10: =SUM(H10:H10) -> 0 | H10: =+'9958'!D15 -> 0
B11: SERV SUM/INST ABRAZ SIN SDA 8 PULG | C11: 523 | D11: UN | F11: =+G11*E11 -> 0 | G11: =SUM(H11:H11) -> 0 | H11: =+'9958'!D16 -> 0
B12: SERV SUM/INST ABRAZ TIPO CORONA 10 PULG | C12: 524 | D12: UN | F12: =+G12*E12 -> 0 | G12: =SUM(H12:H12) -> 0 | H12: =+'9958'!D17 -> 0
B13: SERV SUM/INST ABRAZ TIPO CORONA 6 PULG | C13: 525 | D13: UN | F13: =+G13*E13 -> 0 | G13: =SUM(H13:H13) -> 0 | H13: =+'9958'!D18 -> 0
B14: SERV SUM/INST ABRAZ TIPO CORONA 7 PULG | C14: 526 | D14: UN | F14: =+G14*E14 -> 0 | G14: =SUM(H14:H14) -> 0 | H14: =+'9958'!D19 -> 0
B15: SERV SUM/INST ABRAZ UNA SDA 10 PULG | C15: 527 | D15: UN | F15: =+G15*E15 -> 0 | G15: =SUM(H15:H15) -> 0 | H15: =+'9958'!D20 -> 0
B16: SERV SUM/INST ABRAZ UNA SDA 4 PULG | C16: 528 | D16: UN | F16: =+G16*E16 -> 0 | G16: =SUM(H16:H16) -> 0 | H16: =+'9958'!D21 -> 0
B17: SERV SUM/INST ABRAZ UNA SDA 5 PULG | C17: 529 | D17: UN | F17: =+G17*E17 -> 0 | G17: =SUM(H17:H17) -> 0 | H17: =+'9958'!D22 -> 0
... B200: POSTE TRASLÚCIDO FABRICADO EN POLIÉSTER REFORZADO CON FIBRA DE VIDRIO (PRFV) 12MTS 510KGF | C200: 712 | D200: UN | F200: =+G200*E200 -> 0 | G200: =SUM(H200:H200) -> 0 | H200: =+'9958'!D205 -> 0
B201: MANO DE OBRA
B202: SERV ALQ EQUIPO CORTAD-OPER-COMBUS-INSU | C202: 190 | D202: UN | F202: =+G202*E202 -> 0 | G202: =SUM(H202:H202) -> 0 | H202: =+'9958'!D207 -> 0
B203: SERV ALQ MACHINE NEUM-COMPRES | C203: 191 | D203: UN | F203: =+G203*E203 -> 0 | G203: =SUM(H203:H203) -> 0 | H203: =+'9958'!D208 -> 0
B204: SERV APERT HUECO POST 11M A 14M Y ANCLAS | C204: 192 | D204: UN | F204: =+G204*E204 -> 0 | G204: =SUM(H204:H204) -> 0 | H204: =+'9958'!D209 -> 0
B205: SERV APERT HUECO POST PRIM 11A14 MTS | C205: 193 | D205: UN | F205: =+G205*E205 -> 0 | G205: =SUM(H205:H205) -> 0 | H205: =+'9958'!D210 -> 0
B206: SERV APERT HUECO POST SECUND 8 A 10 MTS | C206: 194 | D206: UN | F206: =+G206*E206 -> 0 | G206: =SUM(H206:H206) -> 0 | H206: =+'9958'!D211 -> 0
B207: SERV APLOMADA POST CONC 11A14 MTS | C207: 195 | D207: UN | F207: =+G207*E207 -> 0 | G207: =SUM(H207:H207) -> 0 | H207: =+'9958'!D212 -> 0
B208: SERV APLOMADA POST CONC 8 A 10 MTS | C208: 196 | D208: UN | E208: 50897 | F208: =+G208*E208 -> 0 | G208: =SUM(H208:H208) -> 0 | H208: =+'9958'!D213 -> 0
B209: SERV APLOMADA POST MET Y-O FIBRA 11A14M | C209: 197 | D209: UN | E209: 47859 | F209: =+G209*E209 -> 0 | G209: =SUM(H209:H209) -> 0 | H209: =+'9958'!D214 -> 0
B210: SERV APLOMADA POST MET Y-O FIBRA 8A10M | C210: 198 | D210: UN | E210: 37598 | F210: =+G210*E210 -> 0 | G210: =SUM(H210:H210) -> 0 | H210: =+'9958'!D215 -> 0
B211: SERV ARMADO IZAJE MAST 14A24M HINC Y APL | C211: 199 | D211: UN | F211: =+G211*E211 -> 0 | G211: =SUM(H211:H211) -> 0 | H211: =+'9958'!D216 -> 0
B212: SERV BASE DE CONCRETO PARA POSTE 9 MTS | C212: 200 | D212: UN | F212: =+G212*E212 -> 0 | G212: =SUM(H212:H212) -> 0 | H212: =+'9958'!D217 -> 0
B213: SERV BASE POST MET TIPO KEISON 10A12M | C213: 201 | D213: UN | F213: =+G213*E213 -> 0 | G213: =SUM(H213:H213) -> 0 | H213: =+'9958'!D218 -> 0
B214: SERV BOTADO DE ESCOMBROS | C214: 202 | D214: M3 | E214: 29161 | F214: =+G214*E214 -> 0 | G214: =SUM(H214:H214) -> 0 | H214: =+'9958'!D219 -> 0
B215: SERV CAJA AP 0.4X0.4M INC MAT E INST | C215: 203 | D215: UN | E215: 298000 | F215: =+G215*E215 -> 0 | G215: =SUM(H215:H215) -> 0 | H215: =+'9958'!D220 -> 0
B216: SERV CAMARA BT NORMA EMCALI | C216: 204 | D216: UN | F216: =+G216*E216 -> 0 | G216: =SUM(H216:H216) -> 0 | H216: =+'9958'!D221 -> 0
B217: SERV CAMARA TIPO I NORMA EMCALI | C217: 205 | D217: UN | F217: =+G217*E217 -> 0 | G217: =SUM(H217:H217) -> 0 | H217: =+'9958'!D222 -> 0
B218: SERV CAMBIO BOMBILLA A CMH CAMIONETA | C218: 206 | D218: UN | F218: =+G218*E218 -> 0 | G218: =SUM(H218:H218) -> 0 | H218: =+'9958'!D223 -> 0
B219: SERV CAMBIO DE BOMBILLA A CMH CANASTA | C219: 207 | D219: UN | F219: =+G219*E219 -> 0 | G219: =SUM(H219:H219) -> 0 | H219: =+'9958'!D224 -> 0
B220: SERV CAMBIO FOTOCELDA TEMP EN CAMIONETA | C220: 208 | D220: UN | F220: =+G220*E220 -> 0 | G220: =SUM(H220:H220) -> 0 | H220: =+'9958'!D225 -> 0
B221: SERV CAMBIO FOTOCELDA TEMP EN CANASTA | C221: 209 | D221: UN | F221: =+G221*E221 -> 0 | G221: =SUM(H221:H221) -> 0 | H221: =+'9958'!D226 -> 0
B222: SERV CONCRETA POST CONC 8A12M INC MAT MO | C222: 210 | D222: UN | F222: =+G222*E222 -> 0 | G222: =SUM(H222:H222) -> 0 | H222: =+'9958'!D227 -> 0
B223: SERV CONCRETA POST FIBR 8A12M INC MAT MO | C223: 211 | D223: UN | F223: =+G223*E223 -> 0 | G223: =SUM(H223:H223) -> 0 | H223: =+'9958'!D228 -> 0
B224: SERV CONCRETA ENTRE POST Y CAJA | C224: 212 | D224: UN | F224: =+G224*E224 -> 0 | G224: =SUM(H224:H224) -> 0 | H224: =+'9958'!D229 -> 0
B225: SERV CONEX A CABLE TIER (INST CONEC SPT) | C225: 213 | D225: UN | E225: 2026 | F225: =+G225*E225 -> 0 | G225: =SUM(H225:H225) -> 0 | H225: =+'9958'!D230 -> 0
B226: SERV CORTE DE PERNO MASTIL | C226: 214 | D226: UN | F226: =+G226*E226 -> 0 | G226: =SUM(H226:H226) -> 0 | H226: =+'9958'!D231 -> 0
B227: SERV CORTE DE PERNO POSTE | C227: 215 | D227: UN | F227: =+G227*E227 -> 0 | G227: =SUM(H227:H227) -> 0 | H227: =+'9958'!D232 -> 0
B228: SERV DEMOL PAV EN CONC RIGID INC RETIRO | C228: 216 | D228: UN | F228: =+G228*E228 -> 0 | G228: =SUM(H228:H228) -> 0 | H228: =+'9958'!D233 -> 0
B229: SERV DEMOL DE POSTE DE CONCRETO | C229: 217 | D229: UN | F229: =+G229*E229 -> 0 | G229: =SUM(H229:H229) -> 0 | H229: =+'9958'!D234 -> 0
B230: SERV DESMON CABLE SECUNDARIO 4 A 2-0 | C230: 218 | D230: UN | E230: 1075 | F230: =+G230*E230 -> 0 | G230: =SUM(H230:H230) -> 0 | H230: =+'9958'!D235 -> 0
B231: SERV DESMON CONJUNTO 1 O 2 PERCHAS | C231: 219 | D231: UN | E231: 26480 | F231: =+G231*E231 -> 0 | G231: =SUM(H231:H231) -> 0 | H231: =+'9958'!D236 -> 0
B232: SERV DESMON CONJ SECUNDARIO 3 MAS PERCH | C232: 220 | D232: UN | F232: =+G232*E232 -> 0 | G232: =SUM(H232:H232) -> 0 | H232: =+'9958'!D237 -> 0
B233: SERV DESMON DE COFRE | C233: 221 | D233: UN | E233: 28955 | F233: =+G233*E233 -> 0 | G233: =SUM(H233:H233) -> 0 | H233: =+'9958'!D238 -> 0
B234: SERV DESMON DE LUMINARIAS EN CANASTA | C234: 222 | D234: UN | E234: 74944 | F234: =+G234*E234 -> 0 | G234: =SUM(H234:H234) -> 0 | H234: =+'9958'!D239 -> 0
B235: SERV DESMON DE MASTIL DE 14 A 24 METROS | C235: 223 | D235: UN | F235: =+G235*E235 -> 0 | G235: =SUM(H235:H235) -> 0 | H235: =+'9958'!D240 -> 0
B236: SERV DESMON DE RETENIDA A TIERRA | C236: 224 | D236: UN | F236: =+G236*E236 -> 0 | G236: =SUM(H236:H236) -> 0 | H236: =+'9958'!D241 -> 0
B237: SERV DESMON LUMINARIAS EN CAMIONETA | C237: 225 | D237: UN | E237: 36492 | F237: =+G237*E237 -> 0 | G237: =SUM(H237:H237) -> 0 | H237: =+'9958'!D242 -> 0
B238: SERV DESMON POSTE METALICO PRIMARIO | C238: 226 | D238: UN | F238: =+G238*E238 -> 0 | G238: =SUM(H238:H238) -> 0 | H238: =+'9958'!D243 -> 0
B239: SERV DESMON POSTE METALICO SECUNDARIO | C239: 227 | D239: UN | F239: =+G239*E239 -> 0 | G239: =SUM(H239:H239) -> 0 | H239: =+'9958'!D244 -> 0
B240: SERV DESMON POST DE CONC PRIMARIOS | C240: 228 | D240: UN | F240: =+G240*E240 -> 0 | G240: =SUM(H240:H240) -> 0 | H240: =+'9958'!D245 -> 0
B241: SERV DESMON POST DE CONC SECUNDARIOS | C241: 229 | D241: UN | E241: 69452 | F241: =+G241*E241 -> 0 | G241: =SUM(H241:H241) -> 0 | H241: =+'9958'!D246 -> 0
B242: SERV DIGIT GIS CATASTRO DE REDES | C242: 230 | D242: UN | F242: =+G242*E242 -> 0 | G242: =SUM(H242:H242) -> 0 | H242: =+'9958'!D247 -> 0
B243: SERV EXCAV ZONA BL INC INST 2 TUB Y RELL | C243: 231 | D243: M3 | E243: 27346 | F243: =+G243*E243 -> 0 | G243: =SUM(H243:H243) -> 0 | H243: =+'9958'!D248 -> 0
B244: SERV EXCAV ZONA DR INC INST 2 TUB Y RELL | C244: 232 | D244: M3 | F244: =+G244*E244 -> 0 | G244: =SUM(H244:H244) -> 0 | H244: =+'9958'!D249 -> 0
B245: SERV GEOPOS PTOS INC INVENT DEL MISMO | C245: 233 | D245: UN | F245: =+G245*E245 -> 0 | G245: =SUM(H245:H245) -> 0 | H245: =+'9958'!D250 -> 0
B246: SERV HINCADA DE POSTE FIBRA DE 10 A 12M | C246: 234 | D246: UN | E246: 46215 | F246: =+G246*E246 -> 0 | G246: =SUM(H246:H246) -> 0 | H246: =+'9958'!D251 -> 0
B247: SERV HINCADA DE POSTE FIBRA DE 8M | C247: 235 | D247: UN | F247: =+G247*E247 -> 0 | G247: =SUM(H247:H247) -> 0 | H247: =+'9958'!D252 -> 0
B248: SERV HINCADA DE POST CONC DE 14 MTS | C248: 236 | D248: UN | E248: 92866 | F248: =+G248*E248 -> 0 | G248: =SUM(H248:H248) -> 0 | H248: =+'9958'!D253 -> 0
B249: SERV HINCADA DE POST CONC DE 8 A 12 MTS | C249: 237 | D249: UN | F249: =+G249*E249 -> 0 | G249: =SUM(H249:H249) -> 0 | H249: =+'9958'!D254 -> 0
B250: SERV INST ANG SEG TUB ADOS EN PUENTE | C250: 238 | D250: UN | F250: =+G250*E250 -> 0 | G250: =SUM(H250:H250) -> 0 | H250: =+'9958'!D255 -> 0
B251: SERV INST TAPA SEG CAJA RAWELT ADOS | C251: 239 | D251: UN | F251: =+G251*E251 -> 0 | G251: =SUM(H251:H251) -> 0 | H251: =+'9958'!D256 -> 0
B252: SERV INST TAPA SEG DEBAJO POSTE ADOS | C252: 240 | D252: UN | F252: =+G252*E252 -> 0 | G252: =SUM(H252:H252) -> 0 | H252: =+'9958'!D257 -> 0
B253: SERV INST CABLE ENCAUCH EN TUB ADOS PTE | C253: 241 | D253: UN | E253: 2766 | F253: =+G253*E253 -> 0 | G253: =SUM(H253:H253) -> 0 | H253: =+'9958'!D258 -> 0
B254: SERV INST CABLE SEC 14 EN DUCT ADOS | C254: 242 | D254: UN | E254: 1091 | F254: =+G254*E254 -> 0 | G254: =SUM(H254:H254) -> 0 | H254: =+'9958'!D259 -> 0
B255: SERV INST CABLE SEC 4 A 2-0 EN DUCT ADOS | C255: 243 | D255: UN | F255: =+G255*E255 -> 0 | G255: =SUM(H255:H255) -> 0 | H255: =+'9958'!D260 -> 0
B256: SERV INST CABLE SEC 3-0 A 4-0 AEREO | C256: 244 | D256: UN | F256: =+G256*E256 -> 0 | G256: =SUM(H256:H256) -> 0 | H256: =+'9958'!D261 -> 0
B257: SERV INST CABLE SEC 4 A 2-0 AEREO | C257: 245 | D257: UN | F257: =+G257*E257 -> 0 | G257: =SUM(H257:H257) -> 0 | H257: =+'9958'!D262 -> 0
B258: SERV INST CABLE SEC 4 A 2-0 SUBT | C258: 246 | D258: UN | E258: 547 | F258: =+G258*E258 -> 0 | G258: =SUM(H258:H258) -> 0 | H258: =+'9958'!D263 -> 0
B259: SERV INST CORAZA AMER LT 1-2 3-4 Y 1P | C259: 247 | D259: UN | E259: 27290 | F259: =+G259*E259 -> 0 | G259: =SUM(H259:H259) -> 0 | H259: =+'9958'!D264 -> 0
B260: SERV INST CORONA DE SEGURIDAD | C260: 248 | D260: UN | E260: 53451 | F260: =+G260*E260 -> 0 | G260: =SUM(H260:H260) -> 0 | H260: =+'9958'!D265 -> 0
B261: SERV INST DE ATERRIZAJES SECUNDARIOS | C261: 249 | D261: UN | E261: 58894 | F261: =+G261*E261 -> 0 | G261: =SUM(H261:H261) -> 0 | H261: =+'9958'!D266 -> 0
B262: SERV INST BAJTE EXT TUBO 1-2P HAST | C262: 250 | D262: UN | F262: =+G262*E262 -> 0 | G262: =SUM(H262:H262) -> 0 | H262: =+'9958'!D267 -> 0
B263: SERV INST DE BAJANTE SECUNDARIO | C263: 251 | D263: UN | E263: 85242 | F263: =+G263*E263 -> 0 | G263: =SUM(H263:H263) -> 0 | H263: =+'9958'!D268 -> 0
B264: SERV INST CAJA PASO PARA ILUM ADOS | C264: 252 | D264: UN | F264: =+G264*E264 -> 0 | G264: =SUM(H264:H264) -> 0 | H264: =+'9958'!D269 -> 0
B265: SERV INST CAJA INTEMP 2X2 Y 4X4 RAWELT | C265: 253 | D265: UN | F265: =+G265*E265 -> 0 | G265: =SUM(H265:H265) -> 0 | H265: =+'9958'!D270 -> 0
B266: SERV INST DE COFRE | C266: 254 | D266: UN | F266: =+G266*E266 -> 0 | G266: =SUM(H266:H266) -> 0 | H266: =+'9958'!D271 -> 0
B267: SERV INST DE CONCERTINA POR METRO | C267: 255 | D267: UN | F267: =+G267*E267 -> 0 | G267: =SUM(H267:H267) -> 0 | H267: =+'9958'!D272 -> 0
B268: SERV INST DE CONDULETA | C268: 256 | D268: UN | F268: =+G268*E268 -> 0 | G268: =SUM(H268:H268) -> 0 | H268: =+'9958'!D273 -> 0
B269: SERV INST DE CUBIERTA GEL CONECTORÂ GHFC | C269: 257 | D269: UN | E269: 10462 | F269: =+G269*E269 -> 0 | G269: =SUM(H269:H269) -> 0 | H269: =+'9958'!D274 -> 0
B270: SERV INST PROY BAJO PTE O ESTRUC ADOS | C270: 258 | D270: UN | F270: =+G270*E270 -> 0 | G270: =SUM(H270:H270) -> 0 | H270: =+'9958'!D275 -> 0
B271: SERV INST DE REFLECTOR | C271: 259 | D271: UN | E271: 97543 | F271: =+G271*E271 -> 0 | G271: =SUM(H271:H271) -> 0 | H271: =+'9958'!D276 -> 0
B272: SERV INST DE REJA ANTIHURT LUM EMERG | C272: 260 | D272: UN | F272: =+G272*E272 -> 0 | G272: =SUM(H272:H272) -> 0 | H272: =+'9958'!D277 -> 0
B273: SERV INST DE RELEVADOR | C273: 261 | D273: UN | F273: =+G273*E273 -> 0 | G273: =SUM(H273:H273) -> 0 | H273: =+'9958'!D278 -> 0
B274: SERV INST TUB EMT 1-2 A 3-4P CERCH MET | C274: 262 | D274: UN | F274: =+G274*E274 -> 0 | G274: =SUM(H274:H274) -> 0 | H274: =+'9958'!D279 -> 0
B275: SERV INST TUB IMC 1-2 A 3-4P PUENTE ADOS | C275: 263 | D275: UN | F275: =+G275*E275 -> 0 | G275: =SUM(H275:H275) -> 0 | H275: =+'9958'!D280 -> 0
B276: SERV INST TUB IMC 1-2 A 3-4P ADOS MURO | C276: 264 | D276: UN | F276: =+G276*E276 -> 0 | G276: =SUM(H276:H276) -> 0 | H276: =+'9958'!D281 -> 0
B277: SERV INST KIT SELLA DUCTOS RESINA EXPANS | C277: 265 | D277: UN | F277: =+G277*E277 -> 0 | G277: =SUM(H277:H277) -> 0 | H277: =+'9958'!D282 -> 0
B278: SERV INST KIT SPT CINTA METALICA | C278: 266 | D278: UN | E278: 56079 | F278: =+G278*E278 -> 0 | G278: =SUM(H278:H278) -> 0 | H278: =+'9958'!D283 -> 0
B279: SERV INST LAM ALFAJOR INC MAT Y SOLD | C279: 267 | D279: UN | F279: =+G279*E279 -> 0 | G279: =SUM(H279:H279) -> 0 | H279: =+'9958'!D284 -> 0
B280: SERV INST LUMS EN CAMIONETA | C280: 268 | D280: UN | E280: 50750 | F280: =+G280*E280 -> 0 | G280: =SUM(H280:H280) -> 0 | H280: =+'9958'!D285 -> 0
B281: SERV INST LUMS EN CANASTA | C281: 269 | D281: UN | E281: 92692 | F281: =+G281*E281 -> 0 | G281: =SUM(H281:H281) -> 0 | H281: =+'9958'!D286 -> 0
B282: SERV INST LUMS HORIZ ADOS MURO | C282: 270 | D282: UN | F282: =+G282*E282 -> 0 | G282: =SUM(H282:H282) -> 0 | H282: =+'9958'!D287 -> 0
B283: SERV INST SOPORT MET POST MET ADOS PTE | C283: 271 | D283: UN | F283: =+G283*E283 -> 0 | G283: =SUM(H283:H283) -> 0 | H283: =+'9958'!D288 -> 0
B284: SERV INST TRAMA SEG LUM LED INC ACOND BR | C284: 272 | D284: UN | F284: =+G284*E284 -> 0 | G284: =SUM(H284:H284) -> 0 | H284: =+'9958'!D289 -> 0
...

Sheet 9958
B3: PROYECTO No. 9966 | C3: COD | D3: CANT. TOTAL
B4: NODO
B5: CODIGO DE LUMINARIA | C5: - | D5: -
B6: POTENCIA INSTALADA | C6: - | D6: -
B7: CODIGO FOTOCELDA | C7: - | D7: -
B8: LUMINARIA EMCALI (E) /CONTRATISTA (C ) | C8: - | D8: -
B9: LUMINARIA MODERNIZACION (M) /EXPANSION (E) | C9: - | D9: -
B10: MATERIALES
B11: SERV SUM/INST ABRAZ SIN SDA 10 PULG | C11: 518 | D11: =SUM(E11:U11) -> 0
B12: SERV SUM/INST ABRAZ SIN SDA 4 PULG | C12: 519 | D12: =SUM(E12:U12) -> 0
B13: SERV SUM/INST ABRAZ SIN SDA 5 PULG | C13: 520 | D13: =SUM(E13:U13) -> 0
B14: SERV SUM/INST ABRAZ SIN SDA 6 PULG | C14: 521 | D14: =SUM(E14:U14) -> 0
B15: SERV SUM/INST ABRAZ SIN SDA 7 PULG | C15: 522 | D15: =SUM(E15:U15) -> 0
B16: SERV SUM/INST ABRAZ SIN SDA 8 PULG | C16: 523 | D16: =SUM(E16:U16) -> 0
B17: SERV SUM/INST ABRAZ TIPO CORONA 10 PULG | C17: 524 | D17: =SUM(E17:U17) -> 0
B18: SERV SUM/INST ABRAZ TIPO CORONA 6 PULG | C18: 525 | D18: =SUM(E18:U18) -> 0
B19: SERV SUM/INST ABRAZ TIPO CORONA 7 PULG | C19: 526 | D19: =SUM(E19:U19) -> 0
B20: SERV SUM/INST ABRAZ UNA SDA 10 PULG | C20: 527 | D20: =SUM(E20:U20) -> 0
B21: SERV SUM/INST ABRAZ UNA SDA 4 PULG | C21: 528 | D21: =SUM(E21:U21) -> 0
B22: SERV SUM/INST ABRAZ UNA SDA 5 PULG | C22: 529 | D22: =SUM(E22:U22) -> 0
... B205: POSTE TRASLÚCIDO FABRICADO EN POLIÉSTER REFORZADO CON FIBRA DE VIDRIO (PRFV) 12MTS 510KGF | C205: 712 | D205: =SUM(E205:U205) -> 0
B206: MANO DE OBRA
B207: SERV ALQ EQUIPO CORTAD-OPER-COMBUS-INSU | C207: 190 | D207: =SUM(E207:U207) -> 0
B208: SERV ALQ MACHINE NEUM-COMPRES | C208: 191 | D208: =SUM(E208:U208) -> 0
B209: SERV APERT HUECO POST 11M A 14M Y ANCLAS | C209: 192 | D209: =SUM(E209:U209) -> 0 | E209: =+E205+E151+E152+E147+E148 -> 0
B210: SERV APERT HUECO POST PRIM 11A14 MTS | C210: 193 | D210: =SUM(E210:U210) -> 0
B211: SERV APERT HUECO POST SECUND 8 A 10 MTS | C211: 194 | D211: =SUM(E211:U211) -> 0 | E211: =+E203+E204+E155+E154+E150+E146 -> 0
B212: SERV APLOMADA POST CONC 11A14 MTS | C212: 195 | D212: =SUM(E212:U212) -> 0 | E212: =+E148+E147 -> 0
B213: SERV APLOMADA POST CONC 8 A 10 MTS | C213: 196 | D213: =SUM(E213:U213) -> 0 | E213: =+E149+E146 -> 0
B214: SERV APLOMADA POST MET Y-O FIBRA 11A14M | C214: 197 | D214: =SUM(E214:U214) -> 0 | E214: =+E183+E184+E151+E152 -> 0
B215: SERV APLOMADA POST MET Y-O FIBRA 8A10M | C215: 198 | D215: =SUM(E215:U215) -> 0 | E215: =+E154+E155+E150+E181+E182 -> 0
B216: SERV ARMADO IZAJE MAST 14A24M HINC Y APL | C216: 199 | D216: =SUM(E216:U216) -> 0
B217: SERV BASE DE CONCRETO PARA POSTE 9 MTS | C217: 200 | D217: =SUM(E217:U217) -> 0
B218: SERV BASE POST MET TIPO KEISON 10A12M | C218: 201 | D218: =SUM(E218:U218) -> 0
B219: SERV BOTADO DE ESCOMBROS | C219: 202 | D219: =SUM(E219:U219) -> 0
B220: SERV CAJA AP 0.4X0.4M INC MAT E INST | C220: 203 | D220: =SUM(E220:U220) -> 0
B221: SERV CAMARA BT NORMA EMCALI | C221: 204 | D221: =SUM(E221:U221) -> 0
B222: SERV CAMARA TIPO I NORMA EMCALI | C222: 205 | D222: =SUM(E222:U222) -> 0
B223: SERV CAMBIO BOMBILLA A CMH CAMIONETA | C223: 206 | D223: =SUM(E223:U223) -> 0
B224: SERV CAMBIO DE BOMBILLA A CMH CANASTA | C224: 207 | D224: =SUM(E224:U224) -> 0
B225: SERV CAMBIO FOTOCELDA TEMP EN CAMIONETA | C225: 208 | D225: =SUM(E225:U225) -> 0
B226: SERV CAMBIO FOTOCELDA TEMP EN CANASTA | C226: 209 | D226: =SUM(E226:U226) -> 0
B227: SERV CONCRETA POST CONC 8A12M INC MAT MO | C227: 210 | D227: =SUM(E227:U227) -> 0 | E227: =+E146+E147+E149 -> 0
B228: SERV CONCRETA POST FIBR 8A12M INC MAT MO | C228: 211 | D228: =SUM(E228:U228) -> 0 | E228: =+E150+E151+E154+E155 -> 0
B229: SERV CONCRETA ENTRE POST Y CAJA | C229: 212 | D229: =SUM(E229:U229) -> 0
B230: SERV CONEX A CABLE TIER (INST CONEC SPT) | C230: 213 | D230: =SUM(E230:U230) -> 0 | E230: =+D186+D187+D188+D189+D190+D191+D192+D193+D194+D195+D196+D197+D198+D199 -> 0
B231: SERV CORTE DE PERNO MASTIL | C231: 214 | D231: =SUM(E231:U231) -> 0
B232: SERV CORTE DE PERNO POSTE | C232: 215 | D232: =SUM(E232:U232) -> 0
B233: SERV DEMOL PAV EN CONC RIGID INC RETIRO | C233: 216 | D233: =SUM(E233:U233) -> 0
B234: SERV DEMOL DE POSTE DE CONCRETO | C234: 217 | D234: =SUM(E234:U234) -> 0
B235: SERV DESMON CABLE SECUNDARIO 4 A 2-0 | C235: 218 | D235: =SUM(E235:U235) -> 0
B236: SERV DESMON CONJUNTO 1 O 2 PERCHAS | C236: 219 | D236: =SUM(E236:U236) -> 0
B237: SERV DESMON CONJ SECUNDARIO 3 MAS PERCH | C237: 220 | D237: =SUM(E237:U237) -> 0
B238: SERV DESMON DE COFRE | C238: 221 | D238: =SUM(E238:U238) -> 0 | E238: =+E196+E197+E198+E199 -> 0
B239: SERV DESMON DE LUMINARIAS EN CANASTA | C239: 222 | D239: =SUM(E239:U239) -> 0 | E239: =+E238 -> 0
B240: SERV DESMON DE MASTIL DE 14 A 24 METROS | C240: 223 | D240: =SUM(E240:U240) -> 0
B241: SERV DESMON DE RETENIDA A TIERRA | C241: 224 | D241: =SUM(E241:U241) -> 0
B242: SERV DESMON LUMINARIAS EN CAMIONETA | C242: 225 | D242: =SUM(E242:U242) -> 0 | E242: =+E186+E187+E188+E189+E190 -> 0
B243: SERV DESMON POSTE METALICO PRIMARIO | C243: 226 | D243: =SUM(E243:U243) -> 0
B244: SERV DESMON POSTE METALICO SECUNDARIO | C244: 227 | D244: =SUM(E244:U244) -> 0
B245: SERV DESMON POST DE CONC PRIMARIOS | C245: 228 | D245: =SUM(E245:U245) -> 0
B246: SERV DESMON POST DE CONC SECUNDARIOS | C246: 229 | D246: =SUM(E246:U246) -> 0
B247: SERV DIGIT GIS CATASTRO DE REDES | C247: 230 | D247: =SUM(E247:U247) -> 0
B248: SERV EXCAV ZONA BL INC INST 2 TUB Y RELL | C248: 231 | D248: =SUM(E248:U248) -> 0
B249: SERV EXCAV ZONA DR INC INST 2 TUB Y RELL | C249: 232 | D249: =SUM(E249:U249) -> 0
B250: SERV GEOPOS PTOS INC INVENT DEL MISMO | C250: 233 | D250: =SUM(E250:U250) -> 0
B251: SERV HINCADA DE POSTE FIBRA DE 10 A 12M | C251: 234 | D251: =SUM(E251:U251) -> 0 | E251: =+E150+E151 -> 0
B252: SERV HINCADA DE POSTE FIBRA DE 8M | C252: 235 | D252: =SUM(E252:U252) -> 0 | E252: =+E155+E154 -> 0
B253: SERV HINCADA DE POST CONC DE 14 MTS | C253: 236 | D253: =SUM(E253:U253) -> 0 | E253: =+E148 -> 0
B254: SERV HINCADA DE POST CONC DE 8 A 12 MTS | C254: 237 | D254: =SUM(E254:U254) -> 0 | E254: =+E149+E147+E146 -> 0
B255: SERV INST ANG SEG TUB ADOS EN PUENTE | C255: 238 | D255: =SUM(E255:U255) -> 0
B256: SERV INST TAPA SEG CAJA RAWELT ADOS | C256: 239 | D256: =SUM(E256:U256) -> 0
B257: SERV INST TAPA SEG DEBAJO POSTE ADOS | C257: 240 | D257: =SUM(E257:U257) -> 0
B258: SERV INST CABLE ENCAUCH EN TUB ADOS PTE | C258: 241 | D258: =SUM(E258:U258)+SUM(E258:U258)*0.05 -> 0 | E258: =+E83 -> 0
B259: SERV INST CABLE SEC 14 EN DUCT ADOS | C259: 242 | D259: =SUM(E259:U259)+SUM(E259:U259)*0.05 -> 0 | E259: =+E28+E29 -> 0
B260: SERV INST CABLE SEC 4 A 2-0 EN DUCT ADOS | C260: 243 | D260: =SUM(E260:U260) -> 0
B261: SERV INST CABLE SEC 3-0 A 4-0 AEREO | C261: 244 | D261: =SUM(E261:U261) -> 0
B262: SERV INST CABLE SEC 4 A 2-0 AEREO | C262: 245 | D262: =SUM(E262:U262) -> 0
B263: SERV INST CABLE SEC 4 A 2-0 SUBT | C263: 246 | D263: =SUM(E263:U263)+SUM(E263:U263)*0.05 -> 0
B264: SERV INST CORAZA AMER LT 1-2 3-4 Y 1P | C264: 247 | D264: =SUM(E264:U264) -> 0
B265: SERV INST CORONA DE SEGURIDAD | C265: 248 | D265: =SUM(E265:U265) -> 0 | E265: =+E17+E18+E19 -> 0
B266: SERV INST DE ATERRIZAJES SECUNDARIOS | C266: 249 | D266: =SUM(E266:U266) -> 0 | E266: =+E179 -> 0
B267: SERV INST BAJTE EXT TUBO 1-2P HAST | C267: 250 | D267: =SUM(E267:U267) -> 0
B268: SERV INST DE BAJANTE SECUNDARIO | C268: 251 | D268: =SUM(E268:U268) -> 0
B269: SERV INST CAJA PASO PARA ILUM ADOS | C269: 252 | D269: =SUM(E269:U269) -> 0
B270: SERV INST CAJA INTEMP 2X2 Y 4X4 RAWELT | C270: 253 | D270: =SUM(E270:U270) -> 0
B271: SERV INST DE COFRE | C271: 254 | D271: =SUM(E271:U271) -> 0
B272: SERV INST DE CONCERTINA POR METRO | C272: 255 | D272: =SUM(E272:U272) -> 0
B273: SERV INST DE CONDULETA | C273: 256 | D273: =SUM(E273:U273) -> 0
B274: SERV INST DE CUBIERTA GEL CONECTORÂ GHFC | C274: 257 | D274: =SUM(E274:U274) -> 0 | E274: =+E124+E125+E126+E127 -> 0
B275: SERV INST PROY BAJO PTE O ESTRUC ADOS | C275: 258 | D275: =SUM(E275:U275) -> 0
B276: SERV INST DE REFLECTOR | C276: 259 | D276: =SUM(E276:U276) -> 0 | E276: =+E196+E197+E198+E199 -> 0
B277: SERV INST DE REJA ANTIHURT LUM EMERG | C277: 260 | D277: =SUM(E277:U277) -> 0
B278: SERV INST DE RELEVADOR | C278: 261 | D278: =SUM(E278:U278) -> 0
B279: SERV INST TUB EMT 1-2 A 3-4P CERCH MET | C279: 262 | D279: =SUM(E279:U279) -> 0
B280: SERV INST TUB IMC 1-2 A 3-4P PUENTE ADOS | C280: 263 | D280: =SUM(E280:U280) -> 0
B281: SERV INST TUB IMC 1-2 A 3-4P ADOS MURO | C281: 264 | D281: =SUM(E281:U281) -> 0
B282: SERV INST KIT SELLA DUCTOS RESINA EXPANS | C282: 265 | D282: =SUM(E282:U282) -> 0
B283: SERV INST KIT SPT CINTA METALICA | C283: 266 | D283: =SUM(E283:U283) -> 0 | E283: =+E136 -> 0
B284: SERV INST LAM ALFAJOR INC MAT Y SOLD | C284: 267 | D284: =SUM(E284:U284) -> 0
...
